<?xml version="1.0" encoding="UTF-8"?><module codename="org.netbeans.modules.schema2beans/1">
    <module_version install_time="1351002691983" last="true" origin="installer" specification_version="1.33.1">
        <file crc="3280133545" name="config/Modules/org-netbeans-modules-schema2beans.xml"/>
        <file crc="1692760843" name="modules/locale/org-netbeans-modules-schema2beans_ja.jar"/>
        <file crc="2762795077" name="modules/locale/org-netbeans-modules-schema2beans_pt_BR.jar"/>
        <file crc="3132403456" name="modules/locale/org-netbeans-modules-schema2beans_ru.jar"/>
        <file crc="560374683" name="modules/locale/org-netbeans-modules-schema2beans_zh_CN.jar"/>
        <file crc="3928543613" name="modules/org-netbeans-modules-schema2beans.jar"/>
    </module_version>
</module>
