<?xml version="1.0" encoding="UTF-8"?>
<module codename="org.dj.SolarScape.branding">
    <module_version install_time="1351041300806" last="true" origin="installer" specification_version="1.0">
        <file crc="2068975325" name="config/Modules/org-dj-SolarScape-branding.xml"/>
        <file crc="3407998554" name="core/locale/core_solarscape.jar"/>
        <file crc="2245137530" name="modules/locale/org-netbeans-core-windows_solarscape.jar"/>
        <file crc="3162758526" name="modules/locale/org-netbeans-core_solarscape.jar"/>
        <file crc="722098884" name="modules/org-dj-SolarScape-branding.jar"/>
        <file crc="2966013690" name="update_tracking/org-dj-SolarScape-branding.xml"/>
    </module_version>
</module>
