<?xml version="1.0" encoding="UTF-8"?><module codename="org.openide.awt">
    <module_version install_time="1351002700832" last="true" origin="installer" specification_version="7.46.1">
        <file crc="3208246121" name="config/Modules/org-openide-awt.xml"/>
        <file crc="2670565763" name="modules/locale/org-openide-awt_ja.jar"/>
        <file crc="1752553724" name="modules/locale/org-openide-awt_pt_BR.jar"/>
        <file crc="167195353" name="modules/locale/org-openide-awt_ru.jar"/>
        <file crc="2940689207" name="modules/locale/org-openide-awt_zh_CN.jar"/>
        <file crc="2124458321" name="modules/org-openide-awt.jar"/>
    </module_version>
</module>
