<?xml version="1.0" encoding="UTF-8"?><module codename="org.netbeans.swing.plaf">
    <module_version install_time="1351002688105" last="true" origin="installer" specification_version="1.25.1">
        <file crc="4198966476" name="config/Modules/org-netbeans-swing-plaf.xml"/>
        <file crc="548494024" name="modules/locale/org-netbeans-swing-plaf_ja.jar"/>
        <file crc="902855917" name="modules/locale/org-netbeans-swing-plaf_pt_BR.jar"/>
        <file crc="721252186" name="modules/locale/org-netbeans-swing-plaf_ru.jar"/>
        <file crc="3013489972" name="modules/locale/org-netbeans-swing-plaf_zh_CN.jar"/>
        <file crc="839473614" name="modules/org-netbeans-swing-plaf.jar"/>
    </module_version>
</module>
