<?xml version="1.0" encoding="UTF-8"?>
<module codename="org.openide.windows">
    <module_version install_time="1351041305215" last="true" origin="installer" specification_version="6.55.1">
        <file crc="3877728110" name="config/Modules/org-openide-windows.xml"/>
        <file crc="1362006326" name="modules/locale/org-openide-windows_ja.jar"/>
        <file crc="4082299752" name="modules/locale/org-openide-windows_pt_BR.jar"/>
        <file crc="2552549781" name="modules/locale/org-openide-windows_ru.jar"/>
        <file crc="2902801642" name="modules/locale/org-openide-windows_zh_CN.jar"/>
        <file crc="3364677242" name="modules/org-openide-windows.jar"/>
    </module_version>
</module>
