<?xml version="1.0" encoding="UTF-8"?><module codename="org.netbeans.modules.javahelp/1">
    <module_version install_time="1351002686414" last="true" origin="installer" specification_version="2.27.1">
        <file crc="3126457443" name="config/Modules/org-netbeans-modules-javahelp.xml"/>
        <file crc="2051790136" name="modules/ext/jhall-2.0_05.jar"/>
        <file crc="932038219" name="modules/locale/org-netbeans-modules-javahelp_ja.jar"/>
        <file crc="3020526350" name="modules/locale/org-netbeans-modules-javahelp_pt_BR.jar"/>
        <file crc="1026984409" name="modules/locale/org-netbeans-modules-javahelp_ru.jar"/>
        <file crc="819873738" name="modules/locale/org-netbeans-modules-javahelp_zh_CN.jar"/>
        <file crc="1085896775" name="modules/org-netbeans-modules-javahelp.jar"/>
    </module_version>
</module>
