<?xml version="1.0" encoding="UTF-8"?><module codename="org.netbeans.modules.sendopts/2">
    <module_version install_time="1351002687707" last="true" origin="installer" specification_version="2.22.1">
        <file crc="3090052921" name="config/Modules/org-netbeans-modules-sendopts.xml"/>
        <file crc="3687552950" name="modules/locale/org-netbeans-modules-sendopts_ja.jar"/>
        <file crc="1914961399" name="modules/locale/org-netbeans-modules-sendopts_pt_BR.jar"/>
        <file crc="1208987638" name="modules/locale/org-netbeans-modules-sendopts_ru.jar"/>
        <file crc="1845388330" name="modules/locale/org-netbeans-modules-sendopts_zh_CN.jar"/>
        <file crc="2340687413" name="modules/org-netbeans-modules-sendopts.jar"/>
    </module_version>
</module>
