<?xml version="1.0" encoding="UTF-8"?><module codename="org.netbeans.modules.masterfs.linux">
    <module_version install_time="1351002686584" last="true" origin="installer" specification_version="1.1.1">
        <file crc="367044464" name="config/Modules/org-netbeans-modules-masterfs-linux.xml"/>
        <file crc="4089278204" name="modules/locale/org-netbeans-modules-masterfs-linux_ja.jar"/>
        <file crc="2917744134" name="modules/locale/org-netbeans-modules-masterfs-linux_pt_BR.jar"/>
        <file crc="2378336787" name="modules/locale/org-netbeans-modules-masterfs-linux_ru.jar"/>
        <file crc="1723761920" name="modules/locale/org-netbeans-modules-masterfs-linux_zh_CN.jar"/>
        <file crc="681159252" name="modules/org-netbeans-modules-masterfs-linux.jar"/>
    </module_version>
</module>
