<?xml version="1.0" encoding="UTF-8"?>
<module codename="org.netbeans.api.visual">
    <module_version install_time="1351041290367" last="true" origin="installer" specification_version="2.32.1">
        <file crc="1235850484" name="config/Modules/org-netbeans-api-visual.xml"/>
        <file crc="2411168893" name="modules/locale/org-netbeans-api-visual_ja.jar"/>
        <file crc="487348695" name="modules/locale/org-netbeans-api-visual_pt_BR.jar"/>
        <file crc="3087628722" name="modules/locale/org-netbeans-api-visual_ru.jar"/>
        <file crc="1873843952" name="modules/locale/org-netbeans-api-visual_zh_CN.jar"/>
        <file crc="1891825783" name="modules/org-netbeans-api-visual.jar"/>
    </module_version>
</module>
