<?xml version="1.0" encoding="UTF-8"?><module codename="org.openide.explorer">
    <module_version install_time="1351002703262" last="true" origin="installer" specification_version="6.45.1">
        <file crc="4044847399" name="config/ModuleAutoDeps/org-openide-explorer.xml"/>
        <file crc="3046209104" name="config/Modules/org-openide-explorer.xml"/>
        <file crc="2453577802" name="modules/locale/org-openide-explorer_ja.jar"/>
        <file crc="1766486007" name="modules/locale/org-openide-explorer_pt_BR.jar"/>
        <file crc="2955433544" name="modules/locale/org-openide-explorer_ru.jar"/>
        <file crc="85113723" name="modules/locale/org-openide-explorer_zh_CN.jar"/>
        <file crc="2334989982" name="modules/org-openide-explorer.jar"/>
    </module_version>
</module>
