<?xml version="1.0" encoding="UTF-8"?><module codename="org.openide.loaders">
    <module_version install_time="1351002702486" last="true" origin="installer" specification_version="7.37.1">
        <file crc="3523985554" name="config/ModuleAutoDeps/org-openide-loaders.xml"/>
        <file crc="3241200" name="config/Modules/org-openide-loaders.xml"/>
        <file crc="3572460319" name="modules/locale/org-openide-loaders_ja.jar"/>
        <file crc="297452449" name="modules/locale/org-openide-loaders_pt_BR.jar"/>
        <file crc="3118483355" name="modules/locale/org-openide-loaders_ru.jar"/>
        <file crc="3825719832" name="modules/locale/org-openide-loaders_zh_CN.jar"/>
        <file crc="2000702037" name="modules/org-openide-loaders.jar"/>
    </module_version>
</module>
